Strawmander|straw mander|strawmander|straw man
Strawmeleon|straw million|charmian|char alien
Pokésweet|pocus sweet|polka sweet|poke sweet|pokey sweet|poker suite|poke suite|polka suite|focus sweet|focus sweep|focus weeks|focus suite|poke sweep|pocket sweet|poke his sweet|pocus suite|polka suit|focus suit
Pokéball|pokeball
Pokémon|pokemon
Pokécenter|poke center|focus center
Pokégym|pokegym|poke gym
 grape| rape
Strawander|straw ander|straw hander|straw handler|straw anger|schwander|straw andrews|strawhander|straw ender|strongander
Straweleon|straw yellow|straw alien|strong alien
Candino|candino
Rattatart|ratatart|ratatars|ratatari|rata tart|rat a tart|ratatoric|ratatar|radator|ratators|ratator|rattata|rat of tart|radatary
Raticake|rata cake|rather cake|raticate|eradicate|radicate
Mintret|Mint trip|mint trip|myntra|mint shirt|menstruate|mentrix|mentoring|mantra|mentor|mintura|menstrual|miniature|mentrick|mentric|minship|ventress|mint venture|min shred|mnsure|mitchell|ventric|venture|matrix|metric|mint chicken
Furmint|ferment|for a mint
Bertzel|burt's soul|bertsel|berksol|reversal
Flangoose|flangoose|flandus|palungus|flan goose|blonde goose
Spinacake|spin a cake|spinnaker|spinner cake|Spinner cake|spinach|spinner cape
Ariacake|aria cake|arya cake
Caratorb|peritorb|keratorum|keratoro|kerator|carrot orb|territory|carratore|territories|paratore|karadorp|carator
Gumballer|gumballer
Smorelax|small axe
Candix|can dicks|candix|candice|candidates|kandix|canvix
Gumble|gumball|gumbel|rumble|dumble|gumbo|bumble|gumble
Doslug|doll slug|da slug|doslaw
Banvine|band vine
 bites| bison
Pokémon|pokemon
Popsichu|popsichu|pops at you|pop's issue|pops issue|pops and shoot|prostitute|pop statue|popsicle|pops of shoe
Raicicle|bicycle|ricicle|rice cichlid
Licorita|licorita|liquorita|liquor eater|liquerita|licorice|Licoritaa|macarita|licorito|nicorita|liquored
Leaforice|leaferish|liferich|leafers
Meowffin|meowfin|meow pen|meowthing|Meowthing|miami outfit|me outfin|meow thing|me outfit|the outfit|meowpson
Cupcat|cup cat|cupcake
Cupop|q-pop|q pop|cue pop|cute pop|coupon
Chocowool|choco wool
Lolliwak|lolliwack
Creampuff|Cream puff|Green puff|creme puff|queen post|cream puff
Creamtuff|cream touch|cream tough|cream tuff|dream tough
Cottonat|cottonette|Hot net|hot net|cotton that|cot net|continent|cotnet|cotton add|[ __ ] net|cotman
Cottomoth|caught him off|cut them off|caught a moth|bottom off
Cookietot and|cookie totten
Cookietot|cookie tot|cookie todd|cookie time|cookie tie|cookie top|cookie pie|cookie title
Applin|applein|appland|Kaplan|applin|kaplan|appleton|naplan|affleck
Cookietune|cookie tune
Mintanyte|mintonite|mennonite|mentonite|mint tonight|men tonight'
Lemeod|lumion
Bananaby|banana bee|the mana b
Bananibuzz|banana buzz
Brownisaur|brownie sar|brownies are|brownish arm|Brownisaure
Chocosaur|shockosaurus|chucklesar
Squirpie|score pie|squire pie
Tartortle|tar tortel|tar toro|tar total
Cupvee|cup v
Meowth|meowth
Pikachu|pikachu
Oddish|oddish
Caterpie|caterpie
Spearow|sphero
Kakuna|cocoon
Voltorb|voltorb|volkswagen
Kricketot|cricket top|krikata|cricket|cricket time
Jigglypuff|jiggly puff
Slugma|slug mo
Kabuto|kabuto
Magikarp|magikarp
Zangoose|zombies
Burger|burger
Egg-space|egg space
space-space|space space
Burger-space|Burger space|Burgers face
question-mark|question mark
mark-exclamation|mark exclamation
exclamation-mark|exclamation mark
romhack|rom hack
pawn shop|porn shop
Earthbound|earthbound
Rocky Road|rocky road
Apple Road|apple road
Flour Forest|flower forest
Flour Town|flower town
Donut Plains|donut planes
Pudding City|pudding city
Rainbow City|rainbow city
Candy Manor|candy manor|candy man
Candy Mine|candymine
Cake Castle|cape castle
Mount Moon|mount moon
Vanilla Dome|vanilla dawn
Charlie|charlie
Saffron City|saffron city
S.S. Banana|ss banana
John|john
Bowser|bowser
Brock|brock
Beryl|beryl
Fizzy|fizzy
acadia|to Katie-a
Katia|katya
Oujay Sam|o.j. sam|o.j sam
not-Brock|not Brock
not-Vermillion City|not vermillion city
Cinna |cinna |senna 
Leeloo Dallas|lilu dallas
Chocobun|choco bun|shaco bun
Ban and Lem|ban and limb
space-exclamation-mark|space exclamation mark
space-comma|space comma
nommed on itself|nom done itself
withdrew your|with jew or
flour and flower|flower and flower
D'oh, I missed|dough I missed|dough i missed
Laffy Taffy|laughing taffy|laughing champion|laffy taffy
Cookbook|cook book|cookbook
Sweet Ball|sweet ball|sweetball
Great Ball|great ball
Oran Berr|oran berr|oranberr|horn berr
Pecha Berr|pecha berr
Cheri Berr|cherry berr|jelly bell
Chesto Berry|chesterberr|chest of berr
Persim Berry|per sim berry|per sim very|her sim berry
Aspear Berr|a spear berr
Pamtre Berry|ham trek berry
Potion|potion
Rare Cand|rare cand
Fresh Water|fresh water
Soda Pop|soda pop
Antidote|antidote
colon|coolant
Team Sour|team sour
Vanilla moves|vanilla moose
Paralyz|perilla is|Peril is|peril is
 Ember| amber| ember
Growl|growl
Tail Wag|tail wag|tail wang
Licor-whip|liquor whip|nickel whip|liquor with
Taffy Wrap|taffy rap|tacky wrap|tap your wrap|taffy wrap
Shield Pie|shield pi
Vital Spirit|vital spirit
Static|static
Orange Shock|orange shock|orange shark
Quick Attack|quick attack
Flurry Blitz|flurry blitz|slurry blitz|flory blitz
Flurry Burst|flurry burst
Fury Swipes|fury swipes
Bullet Mint|bullet mint|bullet bits
Steel Claw|steel claw
Apple Toss|apple toss
Apple Claw|apple claw|appleclaw
Life Peeler|life peeler
Hyper Fang|hyperfang
Magnitude|magnitude
Absorb|absorb
Astonish|astonish
Hunger Dust|hunger dust
Hunger Touch|hunger touch|hungry touch
Orange Bolt|orange bolt
Sleep Flour|sleep flour|sleep flower
Gum Bubbler|gum bubbler|gun bubbler
Banana Wing|banana wing
Shed Skin|shed skin|[ __ ] skin
Clear Body|clear body
Confection|confection|infection
Cute Charm|cute charm
Defense Curl|defense girl
Tackle|tackle
Bubble|bubble
Pay Day|payday|pay day
Bone Club|bone club
Pursuit|pursuit
Double Kick|double kick
Multislap|multislap|multi-slab|multi-slap
Sonic Boom|sonic boom
Rain Dance|rain dance
Rock Throw|rockboro
Twineedle|twin needle|to a needle
Focus Energy|focus energy
Fury Attack|fury attack
Lollipop|lollipop
Cherry|cherry|sherry